{
 "dataSource":"db",
 "db": {
   "dbPlatform": "MongoDB",
   "port": 27017,
   "host": "localhost",
   "dbName": "Morph_Bayer_Coppertone_Production_db",
   "collectionName":"user_activity_collection",
   "dataSourceQuery":{"is_authenticated_user":false},
   "userName": "photon",
   "password": "Welcome123"
 },
  "transformationRule":{
    "is_authenticated_user": "userAuthentication",
	"session_id": "sessionId",
	"start_page": "start",
	"end_page": "end",
	"status": "status",
	"event_name": "event",
	"browser_name": "browser",
	"device_screen_type": "deviceScreenType",
	"device_type": "deviceType",
	"device_os": "deviceOS",
	"performance.total_load_time": "totalLoadTime",
	"performance.event_performance_time": "performanceTime",
	"attribute.retailer_name|buy_online": "retailerName",
	"attribute.total_sales|buy_online":"saleAmount",
	"attribute.total_quantity|buy_online": "saleQuantity"
  },
  "featureMappingRule": {
    "dataSourceKey":"",
    "dataTrainKey":""
  },
  "labelMappingRule": {},
  "dataNormalizationConfig": {}
}